13:30:20,root.bursty0,0,0
13:30:20,root.default,0,0
13:30:20,root.batch0,0,0
13:30:21,root.bursty0,0,0
13:30:21,root.default,0,0
13:30:21,root.batch0,0,0
13:30:22,root.bursty0,0,0
13:30:22,root.default,0,0
13:30:22,root.batch0,0,0
13:30:23,root.bursty0,0,0
13:30:23,root.default,0,0
13:30:23,root.batch0,0,0
13:30:24,root.bursty0,1,1024
13:30:24,root.default,0,0
13:30:24,root.batch0,0,0
13:30:25,root.default,0,0
13:30:25,root.batch0,1,1024
13:30:25,root.bursty0,1,1024
13:30:26,root.default,0,0
13:30:26,root.bursty0,1,1024
13:30:26,root.batch0,2,2048
13:30:27,root.default,0,0
13:30:27,root.bursty0,1,1024
13:30:27,root.batch0,2,2048
13:30:28,root.default,0,0
13:30:28,root.bursty0,1,1024
13:30:28,root.batch0,2,2048
13:30:29,root.default,0,0
13:30:29,root.bursty0,1,1024
13:30:29,root.batch0,2,2048
13:30:30,root.default,0,0
13:30:30,root.bursty0,1,1024
13:30:30,root.batch0,2,2048
13:30:31,root.default,0,0
13:30:31,root.bursty0,1,1024
13:30:31,root.batch0,2,2048
13:30:32,root.default,0,0
13:30:32,root.bursty0,1,1024
13:30:32,root.batch0,3,3072
13:30:33,root.default,0,0
13:30:33,root.bursty0,2,2048
13:30:33,root.batch0,3,3072
13:30:34,root.default,0,0
13:30:34,root.bursty0,3,3072
13:30:34,root.batch0,3,3072
13:30:35,root.default,0,0
13:30:35,root.bursty0,4,4096
13:30:35,root.batch0,3,3072
13:30:36,root.default,0,0
13:30:36,root.batch0,4,4096
13:30:36,root.bursty0,4,4096
13:30:37,root.default,0,0
13:30:37,root.batch0,5,5120
13:30:37,root.bursty0,5,5120
13:30:38,root.default,0,0
13:30:38,root.batch0,5,5120
13:30:38,root.bursty0,5,5120
13:30:39,root.default,0,0
13:30:39,root.batch0,5,5120
13:30:39,root.bursty0,5,5120
13:30:40,root.default,0,0
13:30:40,root.bursty0,5,5120
13:30:40,root.batch0,4,4096
13:30:41,root.default,0,0
13:30:41,root.bursty0,5,5120
13:30:41,root.batch0,4,4096
13:30:42,root.default,0,0
13:30:42,root.bursty0,5,5120
13:30:42,root.batch0,4,4096
13:30:43,root.default,0,0
13:30:43,root.batch0,4,4096
13:30:43,root.bursty0,5,5120
13:30:44,root.default,0,0
13:30:44,root.batch0,5,5120
13:30:44,root.bursty0,3,3072
13:30:45,root.default,0,0
13:30:45,root.bursty0,3,3072
13:30:45,root.batch0,5,5120
13:30:46,root.default,0,0
13:30:46,root.bursty0,2,2048
13:30:46,root.batch0,6,6144
13:30:47,root.default,0,0
13:30:47,root.bursty0,1,1024
13:30:47,root.batch0,7,7168
13:30:48,root.default,0,0
13:30:48,root.bursty0,1,1024
13:30:48,root.batch0,6,6144
13:30:49,root.default,0,0
13:30:49,root.bursty0,1,1024
13:30:49,root.batch0,7,7168
13:30:50,root.default,0,0
13:30:50,root.bursty0,1,1024
13:30:50,root.batch0,6,6144
13:30:51,root.default,0,0
13:30:51,root.bursty0,1,1024
13:30:51,root.batch0,7,7168
13:30:52,root.bursty0,0,0
13:30:52,root.default,0,0
13:30:52,root.batch0,7,7168
13:30:53,root.bursty0,0,0
13:30:53,root.default,0,0
13:30:53,root.batch0,8,8192
13:30:54,root.bursty0,0,0
13:30:54,root.default,0,0
13:30:54,root.batch0,6,6144
13:30:55,root.bursty0,0,0
13:30:55,root.default,0,0
13:30:55,root.batch0,7,7168
13:30:56,root.bursty0,0,0
13:30:56,root.default,0,0
13:30:56,root.batch0,8,8192
13:30:57,root.bursty0,0,0
13:30:57,root.default,0,0
13:30:57,root.batch0,7,7168
13:30:58,root.bursty0,0,0
13:30:58,root.default,0,0
13:30:58,root.batch0,8,8192
13:30:59,root.bursty0,0,0
13:30:59,root.default,0,0
13:30:59,root.batch0,8,8192
13:31:00,root.bursty0,0,0
13:31:00,root.default,0,0
13:31:00,root.batch0,5,5120
13:31:01,root.bursty0,0,0
13:31:01,root.default,0,0
13:31:01,root.batch0,6,6144
13:31:02,root.bursty0,0,0
13:31:02,root.default,0,0
13:31:02,root.batch0,7,7168
13:31:03,root.bursty0,0,0
13:31:03,root.default,0,0
13:31:03,root.batch0,8,8192
13:31:04,root.bursty0,0,0
13:31:04,root.default,0,0
13:31:04,root.batch0,8,8192
13:31:05,root.bursty0,0,0
13:31:05,root.default,0,0
13:31:05,root.batch0,8,8192
13:31:06,root.bursty0,0,0
13:31:06,root.default,0,0
13:31:06,root.batch0,5,5120
13:31:07,root.bursty0,0,0
13:31:07,root.default,0,0
13:31:07,root.batch0,6,6144
13:31:08,root.bursty0,0,0
13:31:08,root.default,0,0
13:31:08,root.batch0,7,7168
13:31:09,root.bursty0,0,0
13:31:09,root.default,0,0
13:31:09,root.batch0,8,8192
13:31:10,root.bursty0,0,0
13:31:10,root.default,0,0
13:31:10,root.batch0,8,8192
13:31:11,root.bursty0,0,0
13:31:11,root.default,0,0
13:31:11,root.batch0,8,8192
13:31:12,root.bursty0,0,0
13:31:12,root.default,0,0
13:31:12,root.batch0,5,5120
13:31:13,root.bursty0,1,1024
13:31:13,root.default,0,0
13:31:13,root.batch0,5,5120
13:31:14,root.default,0,0
13:31:14,root.bursty0,1,1024
13:31:14,root.batch0,6,6144
13:31:15,root.default,0,0
13:31:15,root.bursty0,1,1024
13:31:15,root.batch0,7,7168
13:31:16,root.default,0,0
13:31:16,root.bursty0,1,1024
13:31:16,root.batch0,7,7168
13:31:17,root.default,0,0
13:31:17,root.bursty0,2,2048
13:31:17,root.batch0,6,6144
13:31:18,root.default,0,0
13:31:18,root.bursty0,3,3072
13:31:18,root.batch0,4,4096
13:31:19,root.default,0,0
13:31:19,root.bursty0,4,4096
13:31:19,root.batch0,4,4096
13:31:20,root.default,0,0
13:31:20,root.bursty0,5,5120
13:31:20,root.batch0,4,4096
13:31:21,root.default,0,0
13:31:21,root.bursty0,5,5120
13:31:21,root.batch0,4,4096
13:31:22,root.default,0,0
13:31:22,root.batch0,5,5120
13:31:22,root.bursty0,4,4096
13:31:23,root.default,0,0
13:31:23,root.bursty0,4,4096
13:31:23,root.batch0,5,5120
13:31:24,root.default,0,0
13:31:24,root.bursty0,4,4096
13:31:24,root.batch0,6,6144
13:31:25,root.default,0,0
13:31:25,root.bursty0,5,5120
13:31:25,root.batch0,7,7168
13:31:26,root.default,0,0
13:31:26,root.bursty0,3,3072
13:31:26,root.batch0,8,8192
13:31:27,root.default,0,0
13:31:27,root.bursty0,2,2048
13:31:27,root.batch0,9,9216
13:31:28,root.default,0,0
13:31:28,root.bursty0,2,2048
13:31:28,root.batch0,11,11264
13:31:29,root.default,0,0
13:31:29,root.bursty0,1,1024
13:31:29,root.batch0,12,12288
13:31:30,root.default,0,0
13:31:30,root.bursty0,1,1024
13:31:30,root.batch0,13,13312
13:31:31,root.default,0,0
13:31:31,root.bursty0,1,1024
13:31:31,root.batch0,14,14336
13:31:32,root.default,0,0
13:31:32,root.bursty0,1,1024
13:31:32,root.batch0,14,14336
13:31:33,root.default,0,0
13:31:33,root.bursty0,1,1024
13:31:33,root.batch0,15,15360
13:31:34,root.bursty0,0,0
13:31:34,root.default,0,0
13:31:34,root.batch0,16,16384
13:31:35,root.bursty0,0,0
13:31:35,root.default,0,0
13:31:35,root.batch0,16,16384
13:31:36,root.bursty0,0,0
13:31:36,root.default,0,0
13:31:36,root.batch0,16,16384
13:31:37,root.bursty0,0,0
13:31:37,root.default,0,0
13:31:37,root.batch0,16,16384
13:31:38,root.bursty0,0,0
13:31:38,root.default,0,0
13:31:38,root.batch0,16,16384
13:31:39,root.bursty0,0,0
13:31:39,root.default,0,0
13:31:39,root.batch0,16,16384
13:31:40,root.bursty0,0,0
13:31:40,root.default,0,0
13:31:40,root.batch0,16,16384
13:31:41,root.bursty0,0,0
13:31:41,root.default,0,0
13:31:41,root.batch0,16,16384
13:31:42,root.bursty0,0,0
13:31:42,root.default,0,0
13:31:42,root.batch0,16,16384
13:31:43,root.bursty0,0,0
13:31:43,root.default,0,0
13:31:43,root.batch0,16,16384
13:31:44,root.bursty0,0,0
13:31:44,root.default,0,0
13:31:44,root.batch0,16,16384
13:31:45,root.bursty0,0,0
13:31:45,root.default,0,0
13:31:45,root.batch0,15,15360
13:31:46,root.bursty0,0,0
13:31:46,root.default,0,0
13:31:46,root.batch0,15,15360
13:31:47,root.bursty0,0,0
13:31:47,root.default,0,0
13:31:47,root.batch0,16,16384
13:31:48,root.bursty0,0,0
13:31:48,root.default,0,0
13:31:48,root.batch0,16,16384
13:31:49,root.bursty0,0,0
13:31:49,root.default,0,0
13:31:49,root.batch0,16,16384
13:31:50,root.bursty0,0,0
13:31:50,root.default,0,0
13:31:50,root.batch0,15,15360
13:31:51,root.bursty0,0,0
13:31:51,root.default,0,0
13:31:51,root.batch0,16,16384
13:31:52,root.bursty0,0,0
13:31:52,root.default,0,0
13:31:52,root.batch0,16,16384
13:31:53,root.bursty0,0,0
13:31:53,root.default,0,0
13:31:53,root.batch0,15,15360
13:31:54,root.bursty0,0,0
13:31:54,root.default,0,0
13:31:54,root.batch0,16,16384
13:31:55,root.bursty0,0,0
13:31:55,root.default,0,0
13:31:55,root.batch0,16,16384
13:31:56,root.bursty0,0,0
13:31:56,root.default,0,0
13:31:56,root.batch0,15,15360
13:31:57,root.bursty0,0,0
13:31:57,root.default,0,0
13:31:57,root.batch0,16,16384
13:31:58,root.bursty0,0,0
13:31:58,root.default,0,0
13:31:58,root.batch0,16,16384
13:31:59,root.bursty0,0,0
13:31:59,root.default,0,0
13:31:59,root.batch0,16,16384
13:32:00,root.bursty0,0,0
13:32:00,root.default,0,0
13:32:00,root.batch0,16,16384
13:32:01,root.bursty0,0,0
13:32:01,root.default,0,0
13:32:01,root.batch0,16,16384
13:32:02,root.bursty0,0,0
13:32:02,root.default,0,0
13:32:02,root.batch0,16,16384
13:32:03,root.bursty0,0,0
13:32:03,root.default,0,0
13:32:03,root.batch0,16,16384
13:32:04,root.bursty0,1,1024
13:32:04,root.default,0,0
13:32:04,root.batch0,15,15360
13:32:05,root.default,0,0
13:32:05,root.bursty0,1,1024
13:32:05,root.batch0,15,15360
13:32:06,root.default,0,0
13:32:06,root.bursty0,1,1024
13:32:06,root.batch0,13,13312
13:32:07,root.default,0,0
13:32:07,root.bursty0,1,1024
13:32:07,root.batch0,12,12288
13:32:08,root.default,0,0
13:32:08,root.bursty0,2,2048
13:32:08,root.batch0,11,11264
13:32:09,root.default,0,0
13:32:09,root.bursty0,3,3072
13:32:09,root.batch0,10,10240
13:32:10,root.default,0,0
13:32:10,root.bursty0,5,5120
13:32:10,root.batch0,9,9216
13:32:11,root.default,0,0
13:32:11,root.bursty0,7,7168
13:32:11,root.batch0,9,9216
13:32:13,root.default,0,0
13:32:13,root.bursty0,8,8192
13:32:13,root.batch0,7,7168
13:32:14,root.default,0,0
13:32:14,root.batch0,7,7168
13:32:14,root.bursty0,8,8192
13:32:15,root.default,0,0
13:32:15,root.bursty0,8,8192
13:32:15,root.batch0,7,7168
13:32:16,root.default,0,0
13:32:16,root.batch0,7,7168
13:32:16,root.bursty0,6,6144
13:32:17,root.default,0,0
13:32:17,root.bursty0,6,6144
13:32:17,root.batch0,9,9216
13:32:18,root.default,0,0
13:32:18,root.bursty0,4,4096
13:32:18,root.batch0,9,9216
13:32:19,root.default,0,0
13:32:19,root.bursty0,3,3072
13:32:19,root.batch0,8,8192
13:32:20,root.default,0,0
13:32:20,root.bursty0,1,1024
13:32:20,root.batch0,8,8192
13:32:21,root.default,0,0
13:32:21,root.bursty0,1,1024
13:32:21,root.batch0,8,8192
13:32:22,root.default,0,0
13:32:22,root.bursty0,1,1024
13:32:22,root.batch0,8,8192
13:32:23,root.default,0,0
13:32:23,root.bursty0,1,1024
13:32:23,root.batch0,7,7168
13:32:24,root.default,0,0
13:32:24,root.bursty0,1,1024
13:32:24,root.batch0,7,7168
13:32:25,root.default,0,0
13:32:25,root.bursty0,1,1024
13:32:25,root.batch0,7,7168
13:32:26,root.bursty0,0,0
13:32:26,root.default,0,0
13:32:26,root.batch0,7,7168
13:32:27,root.bursty0,0,0
13:32:27,root.default,0,0
13:32:27,root.batch0,7,7168
13:32:28,root.bursty0,0,0
13:32:28,root.default,0,0
13:32:28,root.batch0,6,6144
13:32:29,root.bursty0,0,0
13:32:29,root.default,0,0
13:32:29,root.batch0,6,6144
13:32:30,root.bursty0,0,0
13:32:30,root.default,0,0
13:32:30,root.batch0,6,6144
13:32:31,root.bursty0,0,0
13:32:31,root.default,0,0
13:32:31,root.batch0,6,6144
13:32:32,root.bursty0,0,0
13:32:32,root.default,0,0
13:32:32,root.batch0,6,6144
13:32:33,root.bursty0,0,0
13:32:33,root.default,0,0
13:32:33,root.batch0,6,6144
13:32:34,root.bursty0,0,0
13:32:34,root.default,0,0
13:32:34,root.batch0,6,6144
13:32:35,root.bursty0,0,0
13:32:35,root.default,0,0
13:32:35,root.batch0,6,6144
13:32:36,root.bursty0,0,0
13:32:36,root.default,0,0
13:32:36,root.batch0,6,6144
13:32:37,root.bursty0,0,0
13:32:37,root.default,0,0
13:32:37,root.batch0,3,3072
13:32:38,root.bursty0,0,0
13:32:38,root.default,0,0
13:32:38,root.batch0,1,1024
13:32:39,root.bursty0,0,0
13:32:39,root.default,0,0
13:32:39,root.batch0,1,1024
13:32:40,root.bursty0,0,0
13:32:40,root.default,0,0
13:32:40,root.batch0,1,1024
13:32:41,root.bursty0,0,0
13:32:41,root.default,0,0
13:32:41,root.batch0,1,1024
13:32:42,root.bursty0,0,0
13:32:42,root.default,0,0
13:32:42,root.batch0,1,1024
13:32:43,root.bursty0,0,0
13:32:43,root.default,0,0
13:32:43,root.batch0,1,1024
13:32:44,root.bursty0,0,0
13:32:44,root.default,0,0
13:32:44,root.batch0,0,0
13:32:45,root.bursty0,0,0
13:32:45,root.default,0,0
13:32:45,root.batch0,0,0
13:32:46,root.bursty0,0,0
13:32:46,root.default,0,0
13:32:46,root.batch0,0,0
13:32:47,root.bursty0,0,0
13:32:47,root.default,0,0
13:32:47,root.batch0,0,0
13:32:48,root.bursty0,0,0
13:32:48,root.default,0,0
13:32:48,root.batch0,0,0
13:32:49,root.bursty0,0,0
13:32:49,root.default,0,0
13:32:49,root.batch0,0,0
13:32:50,root.bursty0,0,0
13:32:50,root.default,0,0
13:32:50,root.batch0,0,0
13:32:51,root.bursty0,0,0
13:32:51,root.default,0,0
13:32:51,root.batch0,0,0
13:32:52,root.bursty0,0,0
13:32:52,root.default,0,0
13:32:52,root.batch0,0,0
13:32:53,root.bursty0,0,0
13:32:53,root.default,0,0
13:32:53,root.batch0,0,0
13:32:54,root.bursty0,1,1024
13:32:54,root.default,0,0
13:32:54,root.batch0,0,0
13:32:55,root.default,0,0
13:32:55,root.batch0,0,0
13:32:55,root.bursty0,1,1024
13:32:56,root.default,0,0
13:32:56,root.batch0,0,0
13:32:56,root.bursty0,1,1024
13:32:57,root.default,0,0
13:32:57,root.batch0,0,0
13:32:57,root.bursty0,1,1024
13:32:58,root.default,0,0
13:32:58,root.batch0,0,0
13:32:58,root.bursty0,2,2048
13:32:59,root.default,0,0
13:32:59,root.batch0,0,0
13:32:59,root.bursty0,3,3072
13:33:00,root.default,0,0
13:33:00,root.batch0,0,0
13:33:00,root.bursty0,4,4096
13:33:01,root.default,0,0
13:33:01,root.batch0,0,0
13:33:01,root.bursty0,5,5120
13:33:02,root.default,0,0
13:33:02,root.batch0,0,0
13:33:02,root.bursty0,6,6144
13:33:03,root.default,0,0
13:33:03,root.batch0,0,0
13:33:03,root.bursty0,6,6144
13:33:04,root.default,0,0
13:33:04,root.batch0,0,0
13:33:04,root.bursty0,6,6144
13:33:05,root.default,0,0
13:33:05,root.batch0,0,0
13:33:05,root.bursty0,5,5120
13:33:06,root.default,0,0
13:33:06,root.batch0,0,0
13:33:06,root.bursty0,4,4096
13:33:07,root.default,0,0
13:33:07,root.batch0,0,0
13:33:07,root.bursty0,3,3072
13:33:08,root.default,0,0
13:33:08,root.batch0,0,0
13:33:08,root.bursty0,2,2048
13:33:09,root.default,0,0
13:33:09,root.batch0,0,0
13:33:09,root.bursty0,1,1024
13:33:10,root.default,0,0
13:33:10,root.batch0,0,0
13:33:10,root.bursty0,1,1024
13:33:11,root.default,0,0
13:33:11,root.batch0,0,0
13:33:11,root.bursty0,1,1024
13:33:12,root.default,0,0
13:33:12,root.batch0,0,0
13:33:12,root.bursty0,1,1024
13:33:13,root.default,0,0
13:33:13,root.batch0,0,0
13:33:13,root.bursty0,1,1024
13:33:14,root.default,0,0
13:33:14,root.batch0,0,0
13:33:14,root.bursty0,1,1024
13:33:15,root.bursty0,0,0
13:33:15,root.default,0,0
13:33:15,root.batch0,0,0
13:33:16,root.bursty0,0,0
13:33:16,root.default,0,0
13:33:16,root.batch0,0,0
13:33:17,root.bursty0,0,0
13:33:17,root.default,0,0
13:33:17,root.batch0,0,0
13:33:18,root.bursty0,0,0
13:33:18,root.default,0,0
13:33:18,root.batch0,0,0
13:33:19,root.bursty0,0,0
13:33:19,root.default,0,0
13:33:19,root.batch0,0,0
13:33:20,root.bursty0,0,0
13:33:20,root.default,0,0
13:33:20,root.batch0,0,0
13:33:21,root.bursty0,0,0
13:33:21,root.default,0,0
13:33:21,root.batch0,0,0
13:33:22,root.bursty0,0,0
13:33:22,root.default,0,0
13:33:22,root.batch0,0,0
13:33:23,root.bursty0,0,0
13:33:23,root.default,0,0
13:33:23,root.batch0,0,0
13:33:24,root.bursty0,0,0
13:33:24,root.default,0,0
13:33:24,root.batch0,0,0
13:33:25,root.bursty0,0,0
13:33:25,root.default,0,0
13:33:25,root.batch0,0,0
13:33:26,root.bursty0,0,0
13:33:26,root.default,0,0
13:33:26,root.batch0,0,0
13:33:27,root.bursty0,0,0
13:33:27,root.default,0,0
13:33:27,root.batch0,0,0
13:33:28,root.bursty0,0,0
13:33:28,root.default,0,0
13:33:28,root.batch0,0,0
13:33:29,root.bursty0,0,0
13:33:29,root.default,0,0
13:33:29,root.batch0,0,0
13:33:30,root.bursty0,0,0
13:33:30,root.default,0,0
13:33:30,root.batch0,0,0
13:33:31,root.bursty0,0,0
13:33:31,root.default,0,0
13:33:31,root.batch0,0,0
13:33:32,root.bursty0,0,0
13:33:32,root.default,0,0
13:33:32,root.batch0,0,0
13:33:33,root.bursty0,0,0
13:33:33,root.default,0,0
13:33:33,root.batch0,0,0
13:33:34,root.bursty0,0,0
13:33:34,root.default,0,0
13:33:34,root.batch0,0,0
13:33:35,root.bursty0,0,0
13:33:35,root.default,0,0
13:33:35,root.batch0,0,0
13:33:36,root.bursty0,0,0
13:33:36,root.default,0,0
13:33:36,root.batch0,0,0
13:33:37,root.bursty0,0,0
13:33:37,root.default,0,0
13:33:37,root.batch0,0,0
13:33:38,root.bursty0,0,0
13:33:38,root.default,0,0
13:33:38,root.batch0,0,0
13:33:39,root.bursty0,0,0
13:33:39,root.default,0,0
13:33:39,root.batch0,0,0
13:33:40,root.bursty0,0,0
13:33:40,root.default,0,0
13:33:40,root.batch0,0,0
13:33:41,root.bursty0,0,0
13:33:41,root.default,0,0
13:33:41,root.batch0,0,0
13:33:42,root.bursty0,0,0
13:33:42,root.default,0,0
13:33:42,root.batch0,0,0
13:33:43,root.bursty0,1,1024
13:33:43,root.default,0,0
13:33:43,root.batch0,0,0
13:33:44,root.default,0,0
13:33:44,root.batch0,0,0
13:33:44,root.bursty0,1,1024
13:33:45,root.default,0,0
13:33:45,root.batch0,0,0
13:33:45,root.bursty0,1,1024
13:33:46,root.default,0,0
13:33:46,root.batch0,0,0
13:33:46,root.bursty0,1,1024
13:33:47,root.default,0,0
13:33:47,root.batch0,0,0
13:33:47,root.bursty0,2,2048
13:33:48,root.default,0,0
13:33:48,root.batch0,0,0
13:33:48,root.bursty0,3,3072
13:33:49,root.default,0,0
13:33:49,root.batch0,0,0
13:33:49,root.bursty0,4,4096
13:33:50,root.default,0,0
13:33:50,root.batch0,0,0
13:33:50,root.bursty0,5,5120
13:33:51,root.default,0,0
13:33:51,root.batch0,0,0
13:33:51,root.bursty0,7,7168
13:33:52,root.default,0,0
13:33:52,root.batch0,0,0
13:33:52,root.bursty0,8,8192
13:33:53,root.default,0,0
13:33:53,root.batch0,0,0
13:33:53,root.bursty0,8,8192
13:33:54,root.default,0,0
13:33:54,root.batch0,0,0
13:33:54,root.bursty0,6,6144
13:33:55,root.default,0,0
13:33:55,root.batch0,0,0
13:33:55,root.bursty0,4,4096
13:33:56,root.default,0,0
13:33:56,root.batch0,0,0
13:33:56,root.bursty0,3,3072
13:33:57,root.default,0,0
13:33:57,root.batch0,0,0
13:33:57,root.bursty0,2,2048
13:33:58,root.default,0,0
13:33:58,root.batch0,0,0
13:33:58,root.bursty0,1,1024
13:33:59,root.default,0,0
13:33:59,root.batch0,0,0
13:33:59,root.bursty0,1,1024
13:34:00,root.default,0,0
13:34:00,root.batch0,0,0
13:34:00,root.bursty0,1,1024
13:34:01,root.default,0,0
13:34:01,root.batch0,0,0
13:34:01,root.bursty0,1,1024
13:34:02,root.default,0,0
13:34:02,root.batch0,0,0
13:34:02,root.bursty0,1,1024
13:34:03,root.bursty0,0,0
13:34:03,root.default,0,0
13:34:03,root.batch0,0,0
13:34:04,root.bursty0,0,0
13:34:04,root.default,0,0
13:34:04,root.batch0,0,0
13:34:05,root.bursty0,0,0
13:34:05,root.default,0,0
13:34:05,root.batch0,0,0
13:34:06,root.bursty0,0,0
13:34:06,root.default,0,0
13:34:06,root.batch0,0,0
13:34:07,root.bursty0,0,0
13:34:07,root.default,0,0
13:34:07,root.batch0,0,0
13:34:08,root.bursty0,0,0
13:34:08,root.default,0,0
13:34:08,root.batch0,0,0
13:34:09,root.bursty0,0,0
13:34:09,root.default,0,0
13:34:09,root.batch0,0,0
13:34:10,root.bursty0,0,0
13:34:10,root.default,0,0
13:34:10,root.batch0,0,0
13:34:11,root.bursty0,0,0
13:34:11,root.default,0,0
13:34:11,root.batch0,0,0
13:34:12,root.bursty0,0,0
13:34:12,root.default,0,0
13:34:12,root.batch0,0,0
13:34:13,root.bursty0,0,0
13:34:13,root.default,0,0
13:34:13,root.batch0,0,0
13:34:14,root.bursty0,0,0
13:34:14,root.default,0,0
13:34:14,root.batch0,0,0
13:34:15,root.bursty0,0,0
13:34:15,root.default,0,0
13:34:15,root.batch0,0,0
13:34:16,root.bursty0,0,0
13:34:16,root.default,0,0
13:34:16,root.batch0,0,0
13:34:17,root.bursty0,0,0
13:34:17,root.default,0,0
13:34:17,root.batch0,0,0
13:34:18,root.bursty0,0,0
13:34:18,root.default,0,0
13:34:18,root.batch0,0,0
13:34:19,root.bursty0,0,0
13:34:19,root.default,0,0
13:34:19,root.batch0,0,0
13:34:20,root.bursty0,0,0
13:34:20,root.default,0,0
13:34:20,root.batch0,0,0
13:34:21,root.bursty0,0,0
13:34:21,root.default,0,0
13:34:21,root.batch0,0,0
13:34:22,root.bursty0,0,0
13:34:22,root.default,0,0
13:34:22,root.batch0,0,0
13:34:23,root.bursty0,0,0
13:34:23,root.default,0,0
13:34:23,root.batch0,0,0
13:34:24,root.bursty0,0,0
13:34:24,root.default,0,0
13:34:24,root.batch0,0,0
13:34:25,root.bursty0,0,0
13:34:25,root.default,0,0
13:34:25,root.batch0,0,0
13:34:26,root.bursty0,0,0
13:34:26,root.default,0,0
13:34:26,root.batch0,0,0
13:34:27,root.bursty0,0,0
13:34:27,root.default,0,0
13:34:27,root.batch0,0,0
13:34:28,root.bursty0,0,0
13:34:28,root.default,0,0
13:34:28,root.batch0,0,0
13:34:29,root.bursty0,0,0
13:34:29,root.default,0,0
13:34:29,root.batch0,0,0
13:34:30,root.bursty0,0,0
13:34:30,root.default,0,0
13:34:30,root.batch0,0,0
13:34:31,root.bursty0,0,0
13:34:31,root.default,0,0
13:34:31,root.batch0,0,0
13:34:32,root.bursty0,1,1024
13:34:32,root.default,0,0
13:34:32,root.batch0,0,0
13:34:33,root.default,0,0
13:34:33,root.batch0,0,0
13:34:33,root.bursty0,1,1024
13:34:34,root.default,0,0
13:34:34,root.batch0,0,0
13:34:34,root.bursty0,1,1024
13:34:35,root.default,0,0
13:34:35,root.batch0,0,0
13:34:35,root.bursty0,2,2048
13:34:36,root.default,0,0
13:34:36,root.batch0,0,0
13:34:36,root.bursty0,3,3072
13:34:37,root.default,0,0
13:34:37,root.batch0,0,0
13:34:37,root.bursty0,4,4096
13:34:38,root.default,0,0
13:34:38,root.batch0,0,0
13:34:38,root.bursty0,5,5120
13:34:39,root.default,0,0
13:34:39,root.batch0,0,0
13:34:39,root.bursty0,6,6144
13:34:40,root.default,0,0
13:34:40,root.batch0,0,0
13:34:40,root.bursty0,7,7168
13:34:41,root.default,0,0
13:34:41,root.batch0,0,0
13:34:41,root.bursty0,6,6144
13:34:42,root.default,0,0
13:34:42,root.batch0,0,0
13:34:42,root.bursty0,6,6144
13:34:43,root.default,0,0
13:34:43,root.batch0,0,0
13:34:43,root.bursty0,4,4096
13:34:44,root.default,0,0
13:34:44,root.batch0,0,0
13:34:44,root.bursty0,3,3072
13:34:45,root.default,0,0
13:34:45,root.batch0,0,0
13:34:45,root.bursty0,2,2048
13:34:46,root.default,0,0
13:34:46,root.batch0,0,0
13:34:46,root.bursty0,1,1024
13:34:47,root.default,0,0
13:34:47,root.batch0,0,0
13:34:47,root.bursty0,1,1024
13:34:48,root.default,0,0
13:34:48,root.batch0,0,0
13:34:48,root.bursty0,1,1024
13:34:49,root.default,0,0
13:34:49,root.batch0,0,0
13:34:49,root.bursty0,1,1024
13:34:50,root.default,0,0
13:34:50,root.batch0,0,0
13:34:50,root.bursty0,1,1024
13:34:51,root.bursty0,0,0
13:34:51,root.default,0,0
13:34:51,root.batch0,0,0
13:34:52,root.bursty0,0,0
13:34:52,root.default,0,0
13:34:52,root.batch0,0,0
13:34:53,root.bursty0,0,0
13:34:53,root.default,0,0
13:34:53,root.batch0,0,0
13:34:54,root.bursty0,0,0
13:34:54,root.default,0,0
13:34:54,root.batch0,0,0
13:34:55,root.bursty0,0,0
13:34:55,root.default,0,0
13:34:55,root.batch0,0,0
13:34:56,root.bursty0,0,0
13:34:56,root.default,0,0
13:34:56,root.batch0,0,0
13:34:57,root.bursty0,0,0
13:34:57,root.default,0,0
13:34:57,root.batch0,0,0
13:34:58,root.bursty0,0,0
13:34:58,root.default,0,0
13:34:58,root.batch0,0,0
13:34:59,root.bursty0,0,0
13:34:59,root.default,0,0
13:34:59,root.batch0,0,0
13:35:00,root.bursty0,0,0
13:35:00,root.default,0,0
13:35:00,root.batch0,0,0
13:35:01,root.bursty0,0,0
13:35:01,root.default,0,0
13:35:01,root.batch0,0,0
13:35:02,root.bursty0,0,0
13:35:02,root.default,0,0
13:35:02,root.batch0,0,0
13:35:03,root.bursty0,0,0
13:35:03,root.default,0,0
13:35:03,root.batch0,0,0
13:35:04,root.bursty0,0,0
13:35:04,root.default,0,0
13:35:04,root.batch0,0,0
13:35:05,root.bursty0,0,0
13:35:05,root.default,0,0
13:35:05,root.batch0,0,0
13:35:06,root.bursty0,0,0
13:35:06,root.default,0,0
13:35:06,root.batch0,0,0
13:35:07,root.bursty0,0,0
13:35:07,root.default,0,0
13:35:07,root.batch0,0,0
13:35:08,root.bursty0,0,0
13:35:08,root.default,0,0
13:35:08,root.batch0,0,0
13:35:09,root.bursty0,0,0
13:35:09,root.default,0,0
13:35:09,root.batch0,0,0
13:35:10,root.bursty0,0,0
13:35:10,root.default,0,0
13:35:10,root.batch0,0,0
13:35:11,root.bursty0,0,0
13:35:11,root.default,0,0
13:35:11,root.batch0,0,0
13:35:12,root.bursty0,0,0
13:35:12,root.default,0,0
13:35:12,root.batch0,0,0
13:35:13,root.bursty0,0,0
13:35:13,root.default,0,0
13:35:13,root.batch0,0,0
13:35:14,root.bursty0,0,0
13:35:14,root.default,0,0
13:35:14,root.batch0,0,0
13:35:15,root.bursty0,0,0
13:35:15,root.default,0,0
13:35:15,root.batch0,0,0
13:35:16,root.bursty0,0,0
13:35:16,root.default,0,0
13:35:16,root.batch0,0,0
13:35:17,root.bursty0,0,0
13:35:17,root.default,0,0
13:35:17,root.batch0,0,0
13:35:18,root.bursty0,0,0
13:35:18,root.default,0,0
13:35:18,root.batch0,0,0
13:35:19,root.bursty0,0,0
13:35:19,root.default,0,0
13:35:19,root.batch0,0,0
13:35:20,root.bursty0,0,0
13:35:20,root.default,0,0
13:35:20,root.batch0,0,0
13:35:21,root.bursty0,0,0
13:35:21,root.default,0,0
13:35:21,root.batch0,0,0
13:35:22,root.bursty0,1,1024
13:35:22,root.default,0,0
13:35:22,root.batch0,0,0
13:35:23,root.default,0,0
13:35:23,root.batch0,0,0
13:35:23,root.bursty0,1,1024
13:35:24,root.default,0,0
13:35:24,root.batch0,0,0
13:35:24,root.bursty0,1,1024
13:35:25,root.default,0,0
13:35:25,root.batch0,0,0
13:35:25,root.bursty0,2,2048
13:35:26,root.default,0,0
13:35:26,root.batch0,0,0
13:35:26,root.bursty0,3,3072
13:35:27,root.default,0,0
13:35:27,root.batch0,0,0
13:35:27,root.bursty0,4,4096
13:35:28,root.default,0,0
13:35:28,root.batch0,0,0
13:35:28,root.bursty0,5,5120
13:35:29,root.default,0,0
13:35:29,root.batch0,0,0
13:35:29,root.bursty0,6,6144
13:35:30,root.default,0,0
13:35:30,root.batch0,0,0
13:35:30,root.bursty0,7,7168
13:35:31,root.default,0,0
13:35:31,root.batch0,0,0
13:35:31,root.bursty0,6,6144
13:35:32,root.default,0,0
13:35:32,root.batch0,0,0
13:35:32,root.bursty0,7,7168
13:35:33,root.default,0,0
13:35:33,root.batch0,0,0
13:35:33,root.bursty0,4,4096
13:35:34,root.default,0,0
13:35:34,root.batch0,0,0
13:35:34,root.bursty0,3,3072
13:35:35,root.default,0,0
13:35:35,root.batch0,0,0
13:35:35,root.bursty0,2,2048
13:35:36,root.default,0,0
13:35:36,root.batch0,0,0
13:35:36,root.bursty0,1,1024
13:35:37,root.default,0,0
13:35:37,root.batch0,0,0
13:35:37,root.bursty0,1,1024
13:35:38,root.default,0,0
13:35:38,root.batch0,0,0
13:35:38,root.bursty0,1,1024
13:35:39,root.default,0,0
13:35:39,root.batch0,0,0
13:35:39,root.bursty0,1,1024
13:35:40,root.default,0,0
13:35:40,root.batch0,0,0
13:35:40,root.bursty0,1,1024
13:35:41,root.bursty0,0,0
13:35:41,root.default,0,0
13:35:41,root.batch0,0,0
13:35:42,root.bursty0,0,0
13:35:42,root.default,0,0
13:35:42,root.batch0,0,0
13:35:43,root.bursty0,0,0
13:35:43,root.default,0,0
13:35:43,root.batch0,0,0
13:35:44,root.bursty0,0,0
13:35:44,root.default,0,0
13:35:44,root.batch0,0,0
13:35:45,root.bursty0,0,0
13:35:45,root.default,0,0
13:35:45,root.batch0,0,0
13:35:46,root.bursty0,0,0
13:35:46,root.default,0,0
13:35:46,root.batch0,0,0
13:35:47,root.bursty0,0,0
13:35:47,root.default,0,0
13:35:47,root.batch0,0,0
13:35:48,root.bursty0,0,0
13:35:48,root.default,0,0
13:35:48,root.batch0,0,0
13:35:49,root.bursty0,0,0
13:35:49,root.default,0,0
13:35:49,root.batch0,0,0
13:35:50,root.bursty0,0,0
13:35:50,root.default,0,0
13:35:50,root.batch0,0,0
13:35:51,root.bursty0,0,0
13:35:51,root.default,0,0
13:35:51,root.batch0,0,0
13:35:52,root.bursty0,0,0
13:35:52,root.default,0,0
13:35:52,root.batch0,0,0
13:35:53,root.bursty0,0,0
13:35:53,root.default,0,0
13:35:53,root.batch0,0,0
13:35:54,root.bursty0,0,0
13:35:54,root.default,0,0
13:35:54,root.batch0,0,0
13:35:55,root.bursty0,0,0
13:35:55,root.default,0,0
13:35:55,root.batch0,0,0
13:35:56,root.bursty0,0,0
13:35:56,root.default,0,0
13:35:56,root.batch0,0,0
13:35:57,root.bursty0,0,0
13:35:57,root.default,0,0
13:35:57,root.batch0,0,0
13:35:58,root.bursty0,0,0
13:35:58,root.default,0,0
13:35:58,root.batch0,0,0
13:35:59,root.bursty0,0,0
13:35:59,root.default,0,0
13:35:59,root.batch0,0,0
13:36:00,root.bursty0,0,0
13:36:00,root.default,0,0
13:36:00,root.batch0,0,0
13:36:01,root.bursty0,0,0
13:36:01,root.default,0,0
13:36:01,root.batch0,0,0
13:36:02,root.bursty0,0,0
13:36:02,root.default,0,0
13:36:02,root.batch0,0,0
13:36:03,root.bursty0,0,0
13:36:03,root.default,0,0
13:36:03,root.batch0,0,0
13:36:04,root.bursty0,0,0
13:36:04,root.default,0,0
13:36:04,root.batch0,0,0
13:36:05,root.bursty0,0,0
13:36:05,root.default,0,0
13:36:05,root.batch0,0,0
13:36:06,root.bursty0,0,0
13:36:06,root.default,0,0
13:36:06,root.batch0,0,0
13:36:07,root.bursty0,0,0
13:36:07,root.defaul